-- phpMyAdmin SQL Dump
-- version 5.2.1
-- https://www.phpmyadmin.net/
--
-- Host: 127.0.0.1
-- Generation Time: Sep 01, 2023 at 07:53 AM
-- Server version: 10.4.28-MariaDB
-- PHP Version: 8.2.4

SET SQL_MODE = "NO_AUTO_VALUE_ON_ZERO";
START TRANSACTION;
SET time_zone = "+00:00";


/*!40101 SET @OLD_CHARACTER_SET_CLIENT=@@CHARACTER_SET_CLIENT */;
/*!40101 SET @OLD_CHARACTER_SET_RESULTS=@@CHARACTER_SET_RESULTS */;
/*!40101 SET @OLD_COLLATION_CONNECTION=@@COLLATION_CONNECTION */;
/*!40101 SET NAMES utf8mb4 */;

--
-- Database: `spellbee`
--

-- --------------------------------------------------------

--
-- Table structure for table `responses`
--

CREATE TABLE `responses` (
  `sid` varchar(10) NOT NULL,
  `qid` int(11) NOT NULL,
  `answer` varchar(250) NOT NULL,
  `marks` int(11) NOT NULL DEFAULT 0,
  `timestamp` timestamp(6) NOT NULL DEFAULT current_timestamp(6)
) ENGINE=MyISAM DEFAULT CHARSET=latin1 COLLATE=latin1_swedish_ci;

--
-- Dumping data for table `responses`
--

INSERT INTO `responses` (`sid`, `qid`, `answer`, `marks`, `timestamp`) VALUES
('9704794879', 182, 'DENT', 10, '2023-03-25 05:49:59.775725'),
('9704794879', 184, 'LEAD', 10, '2023-03-25 05:50:47.050713'),
('9704794879', 113, 'WEARED', 0, '2023-03-25 05:51:31.788834'),
('9704794879', 160, 'SOLDIER', 10, '2023-03-25 05:52:04.660488'),
('9704794879', 1, 'DETERMINATION', 10, '2023-03-25 05:52:35.664829'),
('9704794879', 198, 'MUSTACH', 0, '2023-03-25 05:53:00.018848'),
('9704794879', 10, 'ABDECATE', 0, '2023-03-25 05:53:32.083895'),
('9704794879', 82, 'PRECIOUS', 0, '2023-03-25 05:54:06.692731'),
('9704794879', 41, 'NATORIOUS', 0, '2023-03-25 05:54:26.892648'),
('9704794879', 192, 'PEARL', 20, '2023-03-25 05:54:48.811663'),
('9704794879', 64, 'GENEPHOBIA', 0, '2023-03-25 05:56:05.946636'),
('9704794879', 108, 'TABLUAR', 0, '2023-03-25 05:56:28.446787'),
('9704794879', 67, 'COURSE', 0, '2023-03-25 05:56:47.814579'),
('9704794879', 74, 'PROSPECTIVE', 0, '2023-03-25 05:57:19.851048'),
('9704794879', 80, 'SAFIER', 0, '2023-03-25 05:58:00.013716'),
('9989948717', 6, 'OCCUPATION', 10, '2023-03-25 05:59:33.825604'),
('9989948717', 173, 'WEDNESDAY', 10, '2023-03-25 05:59:59.851100'),
('9989948717', 165, 'FUNGUS', 10, '2023-03-25 06:00:18.145955'),
('9989948717', 112, 'EXIHIBIT', 0, '2023-03-25 06:01:22.195306'),
('9989948717', 2, 'OFFENCE', 10, '2023-03-25 06:01:39.535090'),
('9989948717', 107, 'RACHET', 0, '2023-03-25 06:02:52.996985'),
('9989948717', 193, 'RECUSSION', 0, '2023-03-25 06:03:34.903207'),
('9989948717', 10, 'ABDUCATE', 0, '2023-03-25 06:04:26.292860'),
('9989948717', 83, 'LEASE ON', 0, '2023-03-25 06:05:44.485203'),
('9989948717', 13, 'ATRICULATION', 0, '2023-03-25 06:07:12.165445'),
('9989948717', 64, 'ZENOPHOBIA', 0, '2023-03-25 06:07:45.820355'),
('9989948717', 67, 'COARSE', 30, '2023-03-25 06:08:04.697613'),
('9989948717', 74, 'PROSPECTOR', 30, '2023-03-25 06:08:27.236633'),
('9989948717', 108, 'TABULAR', 0, '2023-03-25 06:09:03.145426'),
('9989948717', 85, 'KRYSANTHIMUM', 0, '2023-03-25 06:09:45.855041'),
('8897050474', 155, 'SQUIRREL', 10, '2023-03-25 06:11:18.371129'),
('8897050474', 169, 'CONDITIONER', 10, '2023-03-25 06:11:40.719738'),
('8897050474', 181, 'BREATH', 10, '2023-03-25 06:12:02.813314'),
('8897050474', 115, 'ARTIFICIAL', 10, '2023-03-25 06:12:26.129901'),
('8897050474', 20, 'COMPREHENSION', 10, '2023-03-25 06:12:46.993883'),
('8897050474', 41, 'NATORIUS', 0, '2023-03-25 06:13:27.097116'),
('8897050474', 55, 'STABNENT', 0, '2023-03-25 06:13:50.546185'),
('8897050474', 71, 'QUICK', 0, '2023-03-25 06:14:15.676944'),
('8897050474', 28, 'PSYCHOLOGY', 20, '2023-03-25 06:14:47.253011'),
('8897050474', 77, 'PIECES', 20, '2023-03-25 06:15:09.030415'),
('8897050474', 110, 'AMELIORATION', 30, '2023-03-25 06:15:53.665907'),
('8897050474', 89, 'VENGENS', 0, '2023-03-25 06:16:18.804842'),
('8897050474', 36, 'COLLYDISCOPE', 0, '2023-03-25 06:17:12.296782'),
('8897050474', 52, 'REHABILITATION', 30, '2023-03-25 06:17:36.121126'),
('8897050474', 106, 'QUINTASENSE', 0, '2023-03-25 06:18:03.288269'),
('6300757569', 158, 'BOAT', 0, '2023-03-25 06:19:09.321070'),
('6300757569', 145, 'EFFECT', 10, '2023-03-25 06:19:26.931448'),
('6300757569', 56, 'STRATAGY', 0, '2023-03-25 06:19:46.792788'),
('6300757569', 5, 'REQUIREMENT', 10, '2023-03-25 06:20:07.886805'),
('6300757569', 155, 'SQURRIEL', 0, '2023-03-25 06:20:36.242347'),
('6300757569', 120, 'MERILY', 0, '2023-03-25 06:21:04.448158'),
('6300757569', 194, 'CHARCOAL', 20, '2023-03-25 06:21:25.145961'),
('6300757569', 83, 'LIAGONE', 0, '2023-03-25 06:22:13.559005'),
('6300757569', 81, 'UNCONCIOUS', 0, '2023-03-25 06:22:32.282207'),
('6300757569', 73, 'CORPSES', 20, '2023-03-25 06:22:52.692966'),
('6300757569', 36, 'CALIDOSCOPE', 0, '2023-03-25 06:23:15.138082'),
('6300757569', 58, 'TUVIA', 0, '2023-03-25 06:23:43.565301'),
('6300757569', 89, 'VENGENCE', 0, '2023-03-25 06:24:00.181141'),
('6300757569', 45, 'PERCULIAR', 0, '2023-03-25 06:24:20.960196'),
('6300757569', 110, 'AMILIORATION', 0, '2023-03-25 06:25:16.532405'),
('7981501272', 166, 'HUGE', 10, '2023-03-25 06:26:18.295243'),
('7981501272', 185, 'ILLUSION', 10, '2023-03-25 06:26:42.702082'),
('7981501272', 162, 'ORGANISATION', 0, '2023-03-25 06:27:15.265458'),
('7981501272', 179, 'COMPARISION', 10, '2023-03-25 06:27:46.123873'),
('7981501272', 133, 'COFFEE', 10, '2023-03-25 06:28:01.074201'),
('7981501272', 72, 'WAY', 0, '2023-03-25 06:28:28.375737'),
('7981501272', 48, 'PROMALGATE', 0, '2023-03-25 06:28:50.446787'),
('7981501272', 198, 'MUSTACHE', 0, '2023-03-25 06:29:10.671346'),
('7981501272', 71, 'QUICK', 0, '2023-03-25 06:29:26.305970'),
('7981501272', 29, 'FACILITATE', 20, '2023-03-25 06:29:42.908129'),
('7981501272', 36, 'CALADIOSCOPE', 0, '2023-03-25 06:30:04.025388'),
('7981501272', 104, 'ZACUSY', 0, '2023-03-25 06:30:33.103338'),
('7981501272', 74, 'PROSPECTIVE', 0, '2023-03-25 06:30:50.954947'),
('7981501272', 33, 'INDIGENOUS', 30, '2023-03-25 06:31:10.222157'),
('7981501272', 89, 'VENGENCE', 0, '2023-03-25 06:31:25.540770'),
('7569330851', 183, 'FLOAT', 10, '2023-03-25 06:32:27.035184'),
('7569330851', 37, 'LEGSE', 0, '2023-03-25 06:32:44.300997'),
('7569330851', 50, 'QUNCH', 0, '2023-03-25 06:32:59.754879'),
('7569330851', 157, 'DIM', 10, '2023-03-25 06:33:13.307532'),
('7569330851', 176, 'MANSION', 10, '2023-03-25 06:33:30.733588'),
('7569330851', 44, 'PARADINE', 0, '2023-03-25 06:33:51.762671'),
('7569330851', 77, 'PIECES', 20, '2023-03-25 06:34:12.908446'),
('7569330851', 192, 'PALE', 0, '2023-03-25 06:34:26.976538'),
('7569330851', 47, 'PRESEPTION', 0, '2023-03-25 06:34:45.633200'),
('7569330851', 27, 'AVIDENT', 0, '2023-03-25 06:34:59.869530'),
('7569330851', 58, 'CHHSJKDHJK', 0, '2023-03-25 06:35:24.986184'),
('7569330851', 34, 'ANIMICAL', 0, '2023-03-25 06:35:39.450615'),
('7569330851', 106, 'QUINTANCENCE', 0, '2023-03-25 06:35:59.665754'),
('7569330851', 84, 'SEMILENCE', 0, '2023-03-25 06:36:14.373652'),
('7569330851', 85, 'CRYSANTHIMAM', 0, '2023-03-25 06:36:27.573496'),
('6300864942', 165, 'FUNGUS', 10, '2023-03-25 06:39:43.375659'),
('6300864942', 180, 'THYROID', 0, '2023-03-25 06:40:07.807800'),
('6300864942', 175, 'WATER', 10, '2023-03-25 06:42:01.482240'),
('6300864942', 151, 'FOUR', 0, '2023-03-25 06:42:26.765431'),
('6300864942', 127, 'SETTAIR', 0, '2023-03-25 06:42:44.116944'),
('6300864942', 198, 'MUSTACHE', 0, '2023-03-25 06:46:19.136391'),
('6300864942', 29, 'FACILITAED', 0, '2023-03-25 06:46:49.027839'),
('6300864942', 48, 'PROMALGATE', 0, '2023-03-25 06:47:39.390058'),
('6300864942', 30, 'HEREDETARY', 0, '2023-03-25 06:50:09.073783'),
('6300864942', 47, 'PERCEPTION', 20, '2023-03-25 06:51:34.504077'),
('6300864942', 87, 'CONSONCIOUS', 0, '2023-03-25 06:52:13.480800'),
('6300864942', 33, 'INTIGENESS', 0, '2023-03-25 06:52:56.288979'),
('6300864942', 64, 'ZPHOBIA', 0, '2023-03-25 06:53:15.759891'),
('6300864942', 110, 'AMILIORATION', 0, '2023-03-25 06:53:44.746786'),
('6300864942', 79, 'ORCHESTRA', 30, '2023-03-25 06:54:02.730502'),
('7416268839', 188, 'LIE', 10, '2023-03-25 07:01:48.584148'),
('7416268839', 173, 'WEDNESDAY', 10, '2023-03-25 07:02:06.592720'),
('7416268839', 116, 'ILLEGAL', 10, '2023-03-25 07:02:24.528980'),
('7416268839', 22, 'PITCH', 10, '2023-03-25 07:02:44.809780'),
('7416268839', 117, 'FAMILIAR', 10, '2023-03-25 07:03:04.326723'),
('7416268839', 26, 'ETHNIC', 20, '2023-03-25 07:03:22.085123'),
('7416268839', 53, 'RELIANT', 20, '2023-03-25 07:03:45.316544'),
('7416268839', 191, 'PEAL', 20, '2023-03-25 07:05:00.428857'),
('7416268839', 44, 'PARADIAGM', 0, '2023-03-25 07:05:34.080554'),
('7416268839', 77, 'PIECES', 20, '2023-03-25 07:05:51.785772'),
('7416268839', 74, 'PROSPECTOR', 30, '2023-03-25 07:06:17.672024'),
('7416268839', 89, 'VENGEANCE', 30, '2023-03-25 07:09:58.441248'),
('7416268839', 52, 'REHABILITATION', 30, '2023-03-25 07:10:28.920275'),
('7416268839', 84, 'SURVEILLANCE', 30, '2023-03-25 07:11:28.776524'),
('7416268839', 36, 'COLLOIDOSCOPE', 0, '2023-03-25 07:12:09.702649'),
('8008280898', 180, 'APITRE', 0, '2023-03-25 07:13:47.689861'),
('8008280898', 170, 'THECHONLOGY', 0, '2023-03-25 07:14:10.109717'),
('8008280898', 173, 'WEDNESDAY', 10, '2023-03-25 07:14:27.635710'),
('8008280898', 56, 'SATURGE', 0, '2023-03-25 07:14:55.556591'),
('8008280898', 176, 'MANES', 0, '2023-03-25 07:15:23.499337'),
('8008280898', 27, 'UAWEQSD', 0, '2023-03-25 07:16:23.753581'),
('8008280898', 53, 'REALINCE', 0, '2023-03-25 07:16:49.977128'),
('8008280898', 193, 'RESAWDFR', 0, '2023-03-25 07:17:27.946421'),
('8008280898', 107, 'RABITRE', 0, '2023-03-25 07:17:56.125465'),
('8008280898', 198, 'STARMISS', 0, '2023-03-25 07:18:30.037689'),
('8008280898', 67, 'CIORFDEX', 0, '2023-03-25 07:18:50.598053'),
('8008280898', 36, 'LIONCIUYT', 0, '2023-03-25 07:19:07.990004'),
('8008280898', 14, 'COLREWSA', 0, '2023-03-25 07:19:21.992760'),
('8008280898', 110, 'MAGRERTFSD', 0, '2023-03-25 07:19:37.721757'),
('8008280898', 97, 'NIESRWA', 0, '2023-03-25 07:19:52.994694'),
('7416234232', 111, 'AUTHORITY', 10, '2023-03-25 07:21:00.243258'),
('7416234232', 19, 'EMISSION', 10, '2023-03-25 07:21:18.529890'),
('7416234232', 167, 'ARTHEMETIC', 0, '2023-03-25 07:21:38.898225'),
('7416234232', 138, 'SEA', 10, '2023-03-25 07:22:05.242257'),
('7416234232', 117, 'FAMILIAR', 10, '2023-03-25 07:22:24.276405'),
('7416234232', 15, 'COHERENCE', 20, '2023-03-25 07:22:45.035266'),
('7416234232', 55, 'STAGNENT', 0, '2023-03-25 07:23:22.071782'),
('7416234232', 12, 'ANALAGOUS', 0, '2023-03-25 07:23:45.559446'),
('7416234232', 46, 'PURSUE', 0, '2023-03-25 07:24:07.297663'),
('7416234232', 192, 'PEARL', 20, '2023-03-25 07:24:21.090410'),
('7416234232', 74, 'PROSPECTOR', 30, '2023-03-25 07:24:38.811150'),
('7416234232', 85, 'CRYSANTHEMUM', 0, '2023-03-25 07:25:14.506766'),
('7416234232', 52, 'REHABILITATION', 30, '2023-03-25 07:25:38.819649'),
('7416234232', 59, 'UNEQUIVOCAL', 30, '2023-03-25 07:26:09.017088'),
('7416234232', 84, 'SURVILLANCE', 0, '2023-03-25 07:26:34.567063'),
('8688875826', 129, 'DESIGN', 10, '2023-03-25 07:27:38.348201'),
('8688875826', 124, '', 0, '2023-03-25 07:27:46.243227'),
('8688875826', 130, 'MERELY', 0, '2023-03-25 07:28:09.446888'),
('8688875826', 161, 'AUTHOR', 10, '2023-03-25 07:28:22.708913'),
('8688875826', 170, 'TECHNOLOGY', 10, '2023-03-25 07:28:41.497007'),
('8688875826', 183, 'FLOAT', 10, '2023-03-25 07:28:59.487479'),
('8688875826', 107, 'RAPTURED', 0, '2023-03-25 07:30:07.514616'),
('8688875826', 83, 'LEASON', 0, '2023-03-25 07:30:56.037544'),
('8688875826', 13, 'ARTICULATION', 20, '2023-03-25 07:31:16.071931'),
('8688875826', 73, 'COPSES', 0, '2023-03-25 07:31:38.499137'),
('8688875826', 110, 'EMILIORATION', 0, '2023-03-25 07:32:54.127834'),
('8688875826', 36, 'COLLOIDOSCOPE', 0, '2023-03-25 07:33:41.248623'),
('8688875826', 84, 'SURVEILLANCE', 30, '2023-03-25 07:33:57.122949'),
('8688875826', 85, 'CHRYSANTHIMUM', 0, '2023-03-25 07:34:40.110271'),
('8688875826', 45, 'PECUNARY', 0, '2023-03-25 07:35:17.334592'),
('8688875826', 97, 'ETHINIC', 0, '2023-03-25 07:36:01.446439'),
('9398954816', 145, 'EFFECT', 10, '2023-03-25 07:37:05.188437'),
('9398954816', 184, 'LEAD', 10, '2023-03-25 07:37:17.339081'),
('9398954816', 137, 'WHOLE', 10, '2023-03-25 07:37:38.225173'),
('9398954816', 114, 'VACCINATE', 10, '2023-03-25 07:37:50.861800'),
('9398954816', 50, 'QUENCH', 10, '2023-03-25 07:38:02.741608'),
('9398954816', 12, 'ANALOGOUS', 20, '2023-03-25 07:38:26.025999'),
('9398954816', 29, 'FACILITATE', 20, '2023-03-25 07:38:39.111339'),
('9398954816', 26, 'ETHNIC', 20, '2023-03-25 07:39:00.894603'),
('9398954816', 44, 'PARADIGM', 20, '2023-03-25 07:39:49.090715'),
('9398954816', 107, 'RATCHET', 20, '2023-03-25 07:40:19.662562'),
('9398954816', 106, 'QNITESSENCE', 0, '2023-03-25 07:40:48.056091'),
('9398954816', 108, 'TABULAR', 0, '2023-03-25 07:41:02.038023'),
('9398954816', 36, 'KALEIDOSCOPE', 30, '2023-03-25 07:41:15.907223'),
('9398954816', 33, 'INDEGENOUS', 0, '2023-03-25 07:41:34.066734'),
('9398954816', 64, 'XENOPHOBIA', 30, '2023-03-25 07:42:27.187199'),
('6301114320', 161, 'AUTHOR', 10, '2023-03-25 07:44:58.235067'),
('6301114320', 129, 'DESIGN', 10, '2023-03-25 07:45:15.608031'),
('6301114320', 8, 'ANALYSIS', 10, '2023-03-25 07:45:36.688145'),
('6301114320', 153, 'ACCEPT', 10, '2023-03-25 07:45:58.158774'),
('6301114320', 145, 'EFFECT', 10, '2023-03-25 07:46:16.949995'),
('6301114320', 73, 'COBSES', 0, '2023-03-25 07:47:16.538501'),
('6301114320', 71, 'QUIP', 20, '2023-03-25 07:47:32.894009'),
('6301114320', 197, 'COLLEGUE', 0, '2023-03-25 07:47:53.776588'),
('6301114320', 12, 'ANALOGOUS', 20, '2023-03-25 07:48:17.941867'),
('6301114320', 82, 'PRECAUCIOUS', 0, '2023-03-25 07:48:53.664031'),
('6301114320', 14, 'CAPICHULATE', 0, '2023-03-25 07:49:34.382356'),
('6301114320', 108, 'TABULER', 0, '2023-03-25 07:50:25.065622'),
('6301114320', 34, 'ENIMICAL', 0, '2023-03-25 07:50:39.167343'),
('6301114320', 58, 'TRIVIA', 30, '2023-03-25 07:50:54.738206'),
('6301114320', 110, 'EMILEORATION', 0, '2023-03-25 07:51:45.496167'),
('7207819274', 135, 'RACE', 10, '2023-03-25 07:53:04.723076'),
('7207819274', 152, 'DUAL', 10, '2023-03-25 07:53:24.306022'),
('7207819274', 129, 'DESIGN', 10, '2023-03-25 07:53:36.795614'),
('7207819274', 164, 'SUCCESS', 10, '2023-03-25 07:53:48.846309'),
('7207819274', 57, 'SUSTAINABLE', 10, '2023-03-25 07:54:06.246677'),
('7207819274', 11, 'ABSTUSE', 0, '2023-03-25 07:54:22.085703'),
('7207819274', 47, 'PERCEPTION', 20, '2023-03-25 07:54:41.969621'),
('7207819274', 27, 'EVIDENT', 20, '2023-03-25 07:54:54.053540'),
('7207819274', 197, 'COLLEAGUE', 20, '2023-03-25 07:55:05.580582'),
('7207819274', 191, 'PEAL', 20, '2023-03-25 07:55:21.222859'),
('7207819274', 14, 'CAPITULATE', 30, '2023-03-25 07:55:42.486872'),
('7207819274', 87, 'CONSENSIOUS', 0, '2023-03-25 07:55:56.500981'),
('7207819274', 106, 'QUINTACENSE', 0, '2023-03-25 07:56:09.713198'),
('7207819274', 80, 'SAPPHIRE', 30, '2023-03-25 07:56:20.430989'),
('7207819274', 74, 'PROSPECTOR', 30, '2023-03-25 07:56:39.502291'),
('8639340469', 190, 'PRECENTAIL', 0, '2023-03-25 07:57:52.310958'),
('8639340469', 9, 'TSUNAMI', 10, '2023-03-25 07:58:10.547891'),
('8639340469', 117, 'FAMILIARE', 0, '2023-03-25 07:58:29.047459'),
('8639340469', 187, 'FUVER', 0, '2023-03-25 07:58:53.663325'),
('8639340469', 171, 'ARGUMENT', 10, '2023-03-25 07:59:16.553919'),
('8639340469', 71, 'CLIP', 0, '2023-03-25 07:59:45.880936'),
('8639340469', 198, 'MUSTACHE', 0, '2023-03-25 08:00:02.297973'),
('8639340469', 27, 'AVIDENT', 0, '2023-03-25 08:00:19.742039'),
('8639340469', 191, 'PEAL', 20, '2023-03-25 08:00:30.010696'),
('8639340469', 81, 'UNCONSIOUS', 0, '2023-03-25 08:00:49.326312'),
('8639340469', 97, 'ETHINIC', 0, '2023-03-25 08:01:06.889512'),
('8639340469', 33, 'INDIGENOUS', 30, '2023-03-25 08:01:25.829591'),
('8639340469', 74, 'PROSPECTOR', 30, '2023-03-25 08:01:39.681888'),
('8639340469', 106, 'QUINTESIOUS', 0, '2023-03-25 08:01:59.152612'),
('8639340469', 108, 'TABLO', 0, '2023-03-25 08:02:13.599968'),
('7702351580', 190, 'PERCENTILE', 10, '2023-03-25 08:03:08.298679'),
('7702351580', 179, 'COMPARISION', 10, '2023-03-25 08:03:24.826825'),
('7702351580', 170, 'TECHNOLOGY', 10, '2023-03-25 08:03:36.858823'),
('7702351580', 50, 'QUENCH', 10, '2023-03-25 08:03:55.253976'),
('7702351580', 155, 'SQUIRREL', 10, '2023-03-25 08:04:46.661198'),
('7702351580', 62, 'VULNERABLE', 20, '2023-03-25 08:05:25.923984'),
('7702351580', 11, 'ABSTRUSE', 20, '2023-03-25 08:06:07.121672'),
('7702351580', 71, 'QUIP', 20, '2023-03-25 08:06:23.163462'),
('7702351580', 51, 'RECREMINATION', 0, '2023-03-25 08:06:45.629438'),
('7702351580', 194, 'CHARCOAL', 20, '2023-03-25 08:07:03.706398'),
('7702351580', 33, 'INDEGINOUS', 0, '2023-03-25 08:07:30.522468'),
('7702351580', 76, 'MUSCLES', 0, '2023-03-25 08:08:51.455131'),
('7702351580', 87, 'CONCENSIOUS', 0, '2023-03-25 08:09:19.083324'),
('7702351580', 110, 'AMILIORATION', 0, '2023-03-25 08:10:07.553984'),
('7702351580', 67, 'QUORASE', 0, '2023-03-25 08:10:52.311823'),
('9603893573', 176, 'MANSION', 10, '2023-03-25 08:14:21.976500'),
('9603893573', 148, 'BUY', 10, '2023-03-25 08:14:31.914706'),
('9603893573', 127, 'SETTIRE', 0, '2023-03-25 08:14:54.400546'),
('9603893573', 20, 'COMPHRENSION', 0, '2023-03-25 08:15:13.516293'),
('9603893573', 187, 'FEWER', 10, '2023-03-25 08:15:25.813576'),
('9603893573', 48, 'PROMOLGATE', 0, '2023-03-25 08:15:52.108208'),
('9603893573', 13, 'ARTICULATION', 20, '2023-03-25 08:16:05.015835'),
('9603893573', 41, 'NOTOURIES', 0, '2023-03-25 08:16:16.705501'),
('9603893573', 199, 'RAINEDEER', 0, '2023-03-25 08:16:33.202264'),
('9603893573', 53, 'RELIANT', 20, '2023-03-25 08:16:44.378795'),
('9603893573', 85, 'CRYSANTHIMUM', 0, '2023-03-25 08:17:02.336385'),
('9603893573', 104, 'JACOOZI', 0, '2023-03-25 08:17:24.541215'),
('9603893573', 87, 'CONCIIESEES', 0, '2023-03-25 08:17:59.873641'),
('9603893573', 45, 'PERQULINARY', 0, '2023-03-25 08:18:20.706072'),
('9603893573', 36, 'CALADIE', 0, '2023-03-25 08:18:39.777311'),
('9392969219', 4, 'HEMISPHERE', 10, '2023-03-25 08:19:25.987463'),
('9392969219', 184, 'LEAD', 10, '2023-03-25 08:19:31.884309'),
('9392969219', 134, 'SIGMA', 10, '2023-03-25 08:19:48.794092'),
('9392969219', 42, '', 0, '2023-03-25 08:19:54.364467'),
('9392969219', 145, 'AFFECT', 0, '2023-03-25 08:20:28.608792'),
('8074048598', 43, 'OUTFIT', 0, '2023-03-25 08:21:08.773957'),
('8074048598', 54, 'SPECIAL', 0, '2023-03-25 08:21:33.200699'),
('8074048598', 4, 'HEMISPHERE', 10, '2023-03-25 08:22:05.317143'),
('9963767949', 159, 'FORTUNE', 10, '2023-03-25 08:22:55.431554'),
('9963767949', 148, 'BUY', 10, '2023-03-25 08:23:06.163230'),
('9963767949', 137, 'WHOLE', 10, '2023-03-25 08:23:29.664692'),
('9963767949', 136, 'APARTMENT', 0, '2023-03-25 08:23:49.927781'),
('9963767949', 147, 'NAP', 10, '2023-03-25 08:24:03.958386'),
('9963767949', 30, 'HEREDITARY', 20, '2023-03-25 08:24:53.294774'),
('9963767949', 107, 'RATCHET', 20, '2023-03-25 08:25:16.812051'),
('9963767949', 77, 'PIECES', 20, '2023-03-25 08:25:38.246613'),
('9963767949', 48, 'PROMALGATE', 0, '2023-03-25 08:26:22.739078'),
('9963767949', 26, 'ETHNIC', 20, '2023-03-25 08:26:37.443981'),
('9963767949', 58, 'TRIVIA', 30, '2023-03-25 08:27:00.883070'),
('9963767949', 74, 'PROSPECTOR', 30, '2023-03-25 08:27:26.498997'),
('9963767949', 34, 'ENEMICAL', 0, '2023-03-25 08:28:38.629644'),
('9963767949', 59, 'UNEQUIVOCAL', 30, '2023-03-25 08:29:34.673905'),
('9963767949', 79, 'ORCHESTRAW', 0, '2023-03-25 08:30:55.974607'),
('9392387507', 119, 'RETRICT', 0, '2023-03-25 08:56:01.469483'),
('9392387507', 174, 'SUSTAIN', 10, '2023-03-25 08:56:19.178556'),
('9392387507', 2, 'OFFENCE', 10, '2023-03-25 08:56:32.671131'),
('9392387507', 78, 'RHYTHM', 10, '2023-03-25 08:56:44.629289'),
('9392387507', 151, 'FOUR', 0, '2023-03-25 08:56:51.829704'),
('9392387507', 27, 'EVIDENT', 20, '2023-03-25 08:57:03.100220'),
('9392387507', 66, 'QUITE', 0, '2023-03-25 08:57:14.411840'),
('9392387507', 55, 'STAGNANT', 20, '2023-03-25 08:57:27.865702'),
('9392387507', 11, 'OBSTRUCE', 0, '2023-03-25 08:57:39.559418'),
('9392387507', 10, 'OBDICATE', 0, '2023-03-25 08:57:56.568591'),
('9392387507', 33, 'INDIGENEOUS', 0, '2023-03-25 08:58:18.500208'),
('9392387507', 52, 'REHABILICATION', 0, '2023-03-25 08:58:33.897083'),
('9392387507', 59, 'AANICREWALKER', 0, '2023-03-25 08:58:50.885569'),
('9392387507', 108, 'TABULAR', 0, '2023-03-25 08:58:59.535268'),
('9392387507', 79, 'ORCHESTRA', 30, '2023-03-25 08:59:12.917680'),
('8977292778', 56, 'STRATEGY', 10, '2023-03-25 09:01:26.176085'),
('8977292778', 2, 'AFFENDS', 0, '2023-03-25 09:01:36.940185'),
('8977292778', 121, 'TITLE', 10, '2023-03-25 09:01:46.653424'),
('8977292778', 151, 'FOUR', 0, '2023-03-25 09:01:54.188420'),
('8977292778', 119, 'RESTRICT', 0, '2023-03-25 09:02:24.686426'),
('8977292778', 195, 'PROMALGATE', 0, '2023-03-25 09:02:58.493386'),
('8977292778', 28, 'UNCONSCIOUS', 0, '2023-03-25 09:03:14.453450'),
('8977292778', 73, 'COPSESS', 0, '2023-03-25 09:03:38.126019'),
('8977292778', 192, 'PEARL', 20, '2023-03-25 09:03:57.962686'),
('8977292778', 55, 'STAGNENT', 0, '2023-03-25 09:04:21.248222'),
('8977292778', 110, 'AMELIORATION', 30, '2023-03-25 09:04:41.966856'),
('8977292778', 108, 'TABULAR', 0, '2023-03-25 09:04:52.235354'),
('8977292778', 104, 'ZHAKUZI', 0, '2023-03-25 09:05:32.649176'),
('8977292778', 14, 'CAPICHULATE', 0, '2023-03-25 09:05:50.629323'),
('8977292778', 84, 'SURVILLANCE', 0, '2023-03-25 09:06:20.607122'),
('7995452131', 139, 'SOUR', 10, '2023-03-25 09:07:24.938046'),
('7995452131', 182, 'DENT', 10, '2023-03-25 09:07:52.617116'),
('7995452131', 133, 'COFFEE', 10, '2023-03-25 09:08:40.320595'),
('7995452131', 43, 'OUTWIT', 10, '2023-03-25 09:09:03.570604'),
('7995452131', 20, 'COMPHREHENSION', 0, '2023-03-25 09:09:47.377787'),
('7995452131', 51, 'RECREMENATION', 0, '2023-03-25 09:10:26.535434'),
('7995452131', 15, 'COHERENCE', 20, '2023-03-25 09:10:51.834139'),
('7995452131', 62, 'SUFFAIR', 0, '2023-03-25 09:11:17.139658'),
('7995452131', 53, 'RELIANT', 20, '2023-03-25 09:11:37.204194'),
('7995452131', 28, 'UNCONCIOUS', 0, '2023-03-25 09:12:08.473919'),
('7995452131', 89, 'VENJENS', 0, '2023-03-25 09:13:02.384042'),
('7995452131', 97, 'ETHENIC', 0, '2023-03-25 09:13:24.921429'),
('7995452131', 14, 'CAPITULATE', 30, '2023-03-25 09:13:49.764985'),
('7995452131', 67, 'COURSE', 0, '2023-03-25 09:14:23.371749'),
('7995452131', 104, 'JAKUZEE', 0, '2023-03-25 09:15:19.084397'),
('7207810916', 163, 'WOMEN', 10, '2023-03-25 09:16:26.225866'),
('7207810916', 111, 'AUTHORITY', 10, '2023-03-25 09:16:49.958017'),
('7207810916', 42, 'ETHNIC', 0, '2023-03-25 09:17:00.527401'),
('7207810916', 180, 'PIRATE', 10, '2023-03-25 09:17:11.944711'),
('7207810916', 190, 'PERCENTILE', 10, '2023-03-25 09:17:22.373762'),
('7207810916', 198, 'MUSTACH', 0, '2023-03-25 09:17:36.115155'),
('7207810916', 13, 'ARTICULATION', 20, '2023-03-25 09:17:56.321464'),
('7207810916', 29, 'FACILITATE', 20, '2023-03-25 09:18:10.867111'),
('7207810916', 51, 'RECRIMINATION', 20, '2023-03-25 09:18:22.541006'),
('7207810916', 194, 'CHARCOL', 0, '2023-03-25 09:18:35.689548'),
('7207810916', 59, 'ANICUOCAL', 0, '2023-03-25 09:19:25.658748'),
('7207810916', 80, 'SUFFAIR', 0, '2023-03-25 09:20:00.170853'),
('7207810916', 76, 'PERCEPTION', 0, '2023-03-25 09:20:20.506575'),
('7207810916', 74, 'PROSPECTOR', 30, '2023-03-25 09:20:33.531415'),
('7207810916', 67, 'COURSE', 0, '2023-03-25 09:21:22.711054'),
('8555965369', 153, 'ACCEPT', 10, '2023-03-25 09:24:26.390190'),
('8555965369', 186, 'BORROW', 10, '2023-03-25 09:24:38.866061'),
('8555965369', 8, 'ANALYSIS', 10, '2023-03-25 09:24:47.894777'),
('8555965369', 43, 'OUTVIT', 0, '2023-03-25 09:25:30.277728'),
('8555965369', 16, 'CONTROVERSY', 10, '2023-03-25 09:25:44.806932'),
('9381210924', 50, 'QUENCH', 10, '2023-03-25 09:42:50.288092'),
('9381210924', 170, 'TECHONOLOGY', 0, '2023-03-25 09:43:01.258161'),
('9381210924', 190, 'PERCENTILE', 10, '2023-03-25 09:43:29.815770'),
('9381210924', 118, 'FLAVOURING', 10, '2023-03-25 09:44:12.381355'),
('9381210924', 175, 'WATER', 10, '2023-03-25 09:44:21.748548'),
('9381210924', 15, 'COHERENCE', 20, '2023-03-25 09:44:50.326857'),
('9381210924', 44, 'PARADAIN', 0, '2023-03-25 09:45:37.683698'),
('9381210924', 101, 'ACRYLIC', 20, '2023-03-25 09:46:16.840822'),
('9381210924', 47, 'PERCEPTION', 20, '2023-03-25 09:46:53.395501'),
('9381210924', 81, 'UNCONCSE', 0, '2023-03-25 09:47:30.940715'),
('9381210924', 52, 'REHABILACATION', 0, '2023-03-25 09:48:16.800006'),
('9381210924', 58, 'TRIVIOM', 0, '2023-03-25 09:48:49.303624'),
('9381210924', 14, 'CAPACILATE', 0, '2023-03-25 09:49:05.758112'),
('9381210924', 87, 'CONSENCIOUS', 0, '2023-03-25 09:49:44.790220'),
('9381210924', 59, 'ANIPROCKLEY', 0, '2023-03-25 09:50:42.294407'),
('6302813328', 60, 'VERDICT', 10, '2023-03-25 09:51:41.804635'),
('6302813328', 128, 'PARACHUTE', 10, '2023-03-25 09:51:59.597564'),
('6302813328', 40, 'LEAD', 0, '2023-03-25 09:52:13.502585'),
('6302813328', 113, 'WEIRD', 10, '2023-03-25 09:52:23.088306'),
('6302813328', 6, 'OCCUPATION', 10, '2023-03-25 09:52:39.196183'),
('6302813328', 12, 'ANALOGUS', 0, '2023-03-25 09:52:57.295467'),
('6302813328', 192, 'PEARL', 20, '2023-03-25 09:53:06.265092'),
('6302813328', 62, 'SUFFER', 0, '2023-03-25 09:53:32.023575'),
('6302813328', 71, 'QUIRK', 0, '2023-03-25 09:53:48.614167'),
('6302813328', 200, 'FECILITATE', 0, '2023-03-25 09:54:02.974997'),
('6302813328', 80, 'SAPPHIRE', 30, '2023-03-25 09:54:16.161905'),
('6302813328', 58, 'TRIVIAL', 0, '2023-03-25 09:54:33.154567'),
('6302813328', 84, 'SEMELENCE', 0, '2023-03-25 09:55:10.880163'),
('6302813328', 52, 'REHABILITATION', 30, '2023-03-25 09:55:27.998165'),
('6302813328', 85, 'CHRYSANTHEMUM', 30, '2023-03-25 09:56:25.059323'),
('7013834973', 146, 'BUY', 0, '2023-03-25 09:58:02.840041'),
('7013834973', 158, 'BOAT', 0, '2023-03-25 09:58:37.797338'),
('7013834973', 184, 'LEAD', 10, '2023-03-25 09:59:08.575302'),
('7013834973', 174, 'SUSTAIN', 10, '2023-03-25 09:59:50.520607'),
('7013834973', 148, 'BYE', 0, '2023-03-25 10:00:07.401876'),
('7013834973', 77, 'PIECES', 20, '2023-03-25 10:00:25.107745'),
('7013834973', 194, 'CHARCOAL', 20, '2023-03-25 10:00:40.515159'),
('7013834973', 27, 'AVIDENT', 0, '2023-03-25 10:01:10.966723'),
('7013834973', 41, 'NOUTRIOUS', 0, '2023-03-25 10:01:32.551025'),
('7013834973', 13, 'ARITIO', 0, '2023-03-25 10:01:48.900526'),
('8125848047', 42, 'ETHENIC', 0, '2023-03-25 10:03:19.922883'),
('8125848047', 170, 'TECHNOLOGY', 10, '2023-03-25 10:03:36.092150'),
('8125848047', 116, 'ILLEGAL', 10, '2023-03-25 10:03:48.181100'),
('8125848047', 16, 'CONTROVERSY', 10, '2023-03-25 10:04:28.172841'),
('8125848047', 6, 'OCCUPATION', 10, '2023-03-25 10:04:45.573048'),
('8125848047', 195, 'PROMILGET', 0, '2023-03-25 10:05:13.052234'),
('8125848047', 191, 'PEAL', 20, '2023-03-25 10:05:26.415070'),
('8125848047', 120, 'MERILEANE', 0, '2023-03-25 10:06:26.531558'),
('8125848047', 194, 'CHARCOAL', 20, '2023-03-25 10:06:57.961984'),
('8125848047', 26, 'ETHENIC', 0, '2023-03-25 10:07:15.307661'),
('8125848047', 64, 'ZENAPHOBIA', 0, '2023-03-25 10:07:48.097667'),
('8125848047', 36, 'CLYDOSCOPE', 0, '2023-03-25 10:08:59.061861'),
('8125848047', 14, 'CHAPICHULATE', 0, '2023-03-25 10:09:24.661416'),
('8125848047', 80, 'SAPHAIRE', 0, '2023-03-25 10:09:58.658285'),
('8125848047', 67, 'CHOARUS', 0, '2023-03-25 10:10:54.400657'),
('6301545848', 149, 'BREAK', 0, '2023-03-25 10:12:11.582782'),
('6301545848', 176, 'MANSION', 10, '2023-03-25 10:12:34.177071'),
('6301545848', 151, 'FOUR', 0, '2023-03-25 10:13:00.788841'),
('6301545848', 18, 'EFFICIENT', 10, '2023-03-25 10:13:18.038363'),
('6301545848', 174, 'SUSTAIN', 10, '2023-03-25 10:13:32.177211'),
('6301545848', 46, 'PERCEIVE', 20, '2023-03-25 10:13:54.824152'),
('6301545848', 47, 'PERCEPTION', 20, '2023-03-25 10:14:56.387048'),
('6301545848', 66, 'QUAIL', 20, '2023-03-25 10:15:14.337902'),
('6301545848', 199, 'RAINDEER', 0, '2023-03-25 10:15:33.185308'),
('6301545848', 32, 'ORDINARY', 20, '2023-03-25 10:15:46.807609'),
('6301545848', 79, 'ARCHESTRA', 0, '2023-03-25 10:16:16.241999'),
('6301545848', 85, 'CHRISANTIMAM', 0, '2023-03-25 10:16:51.905137'),
('6301545848', 45, 'PECUNIARY', 30, '2023-03-25 10:17:28.922836'),
('6301545848', 97, 'MONTASSORIAN', 0, '2023-03-25 10:18:21.957036'),
('6301545848', 110, 'AMILIORATION', 0, '2023-03-25 10:18:46.308059'),
('9391653945', 122, 'ACCELERATE', 10, '2023-03-25 10:22:49.737101'),
('9391653945', 155, 'PECUNIARY', 0, '2023-03-25 10:23:11.937927'),
('9391653945', 7, 'ASSURE', 10, '2023-03-25 10:23:25.095770'),
('9391653945', 135, 'QUAINF', 0, '2023-03-25 10:23:52.779960'),
('9391653945', 42, 'ETHNIC', 0, '2023-03-25 10:24:02.970184'),
('9391653945', 191, 'PEAL', 20, '2023-03-25 10:24:16.905381'),
('9391653945', 55, 'STAGNENT', 0, '2023-03-25 10:24:33.361115'),
('9391653945', 101, 'ACRYLIC', 20, '2023-03-25 10:24:47.850102'),
('9391653945', 204, 'LEIGHNANT', 0, '2023-03-25 10:25:12.114516'),
('9391653945', 11, 'OBSTRUSE', 0, '2023-03-25 10:25:27.708773'),
('9391653945', 239, 'ACITIC', 0, '2023-03-25 10:25:51.502630'),
('9391653945', 224, 'VORNACULAR', 0, '2023-03-25 10:26:14.452006'),
('9391653945', 89, 'VENGENCE', 0, '2023-03-25 10:26:32.551258'),
('9391653945', 84, 'SURVILANCE', 0, '2023-03-25 10:26:51.671608'),
('9391653945', 74, 'PROSPECTOR', 30, '2023-03-25 10:27:05.536246'),
('9014079740', 153, 'ACCEPT', 10, '2023-03-25 10:28:03.549647'),
('9014079740', 125, 'HISTORIC', 10, '2023-03-25 10:28:19.269709'),
('9014079740', 169, 'CONDITIONER', 10, '2023-03-25 10:28:33.268173'),
('9014079740', 166, 'HUGE', 10, '2023-03-25 10:28:47.261022'),
('9014079740', 56, 'STRATEGY', 10, '2023-03-25 10:29:05.415448'),
('9014079740', 192, 'PEARL', 20, '2023-03-25 10:29:18.594437'),
('9014079740', 53, 'RELIIENT', 0, '2023-03-25 10:29:49.016072'),
('9014079740', 234, 'ENASTHISIA', 0, '2023-03-25 10:30:19.927402'),
('9014079740', 211, 'SYNCHRONISE', 0, '2023-03-25 10:30:48.656496'),
('9014079740', 197, 'COLLEQUE', 0, '2023-03-25 10:31:15.132514'),
('9014079740', 59, 'ANANAQUALICAL', 0, '2023-03-25 10:31:47.492825'),
('9014079740', 67, 'CORSE', 0, '2023-03-25 10:32:07.962642'),
('9014079740', 58, 'TIVYA', 0, '2023-03-25 10:32:33.601423'),
('9014079740', 230, 'PARTINECIOUS', 0, '2023-03-25 10:32:59.527259'),
('9014079740', 106, 'QUTASENSE', 0, '2023-03-25 10:33:52.966572'),
('8019397975', 153, 'ACCEPT', 10, '2023-03-25 10:34:46.627072'),
('8019397975', 187, 'FEWER', 10, '2023-03-25 10:35:03.278760'),
('8019397975', 54, 'SPACIAL', 0, '2023-03-25 10:35:21.696489'),
('8019397975', 2, 'OFFENSE', 0, '2023-03-25 10:35:43.402608'),
('8019397975', 186, 'BORROW', 10, '2023-03-25 10:36:10.613600'),
('8019397975', 225, 'VIGOUROUS', 0, '2023-03-25 10:36:46.868499'),
('8019397975', 72, 'VEIN', 0, '2023-03-25 10:37:18.041177'),
('8019397975', 222, 'SARCASM', 20, '2023-03-25 10:37:54.803828'),
('8019397975', 229, 'PHILOSOPHY', 20, '2023-03-25 10:38:09.261788'),
('8019397975', 234, 'ANAESTHISIA', 0, '2023-03-25 10:38:47.229970'),
('8019397975', 201, 'FIANCE', 30, '2023-03-25 10:39:07.502471'),
('8019397975', 64, 'PSENOPHOBIA', 0, '2023-03-25 10:39:41.770252'),
('8019397975', 230, 'PARTINECIOUS', 0, '2023-03-25 10:40:07.070840'),
('8019397975', 45, 'PECUNARY', 0, '2023-03-25 10:40:34.603891'),
('8019397975', 52, 'REHABILITATION', 30, '2023-03-25 10:40:52.807462'),
('9703599726', 23, 'CALM', 10, '2023-03-25 10:43:29.524505'),
('9703599726', 20, 'COMPREHENSION', 10, '2023-03-25 10:44:08.001893'),
('9703599726', 172, 'PLANET', 10, '2023-03-25 10:44:17.117688'),
('9703599726', 169, 'CONDITIONER', 10, '2023-03-25 10:44:32.099694'),
('9703599726', 144, 'ROUTE', 10, '2023-03-25 10:44:45.155253'),
('9703599726', 62, 'VOULNERABLE', 0, '2023-03-25 10:45:09.708948'),
('9703599726', 30, 'HERIDATERY', 0, '2023-03-25 10:45:50.279542'),
('9703599726', 55, 'STAGNENT', 0, '2023-03-25 10:46:17.243233'),
('9703599726', 222, 'SARCASM', 20, '2023-03-25 10:46:29.947966'),
('9703599726', 193, 'RECESSION', 0, '2023-03-25 10:47:08.539577'),
('9703599726', 36, 'CALIDOSCOPE', 0, '2023-03-25 10:47:37.081209'),
('9703599726', 224, 'VARNACULAR', 0, '2023-03-25 10:48:12.396235'),
('9703599726', 34, 'ENIMICAL', 0, '2023-03-25 10:48:32.351074'),
('9703599726', 64, 'ZENPHOBIA', 0, '2023-03-25 10:48:54.963246'),
('9703599726', 74, 'PROSPECTOR', 30, '2023-03-25 10:49:22.332421'),
('9704407429', 160, 'ACCULARATE', 0, '2023-03-25 10:51:52.691968'),
('9704407429', 25, 'MUSEUM', 10, '2023-03-25 10:52:26.857668'),
('9704407429', 78, 'RIDHAM', 0, '2023-03-25 10:52:43.848096'),
('9704407429', 166, 'HUGE', 10, '2023-03-25 10:53:19.421887'),
('9704407429', 172, 'PLANET', 10, '2023-03-25 10:53:34.196904'),
('9704407429', 66, 'QUIEL', 0, '2023-03-25 10:53:47.928741'),
('9704407429', 192, 'PAEL', 0, '2023-03-25 10:54:30.953390'),
('9704407429', 83, 'LEOSUN', 0, '2023-03-25 10:54:53.693537'),
('9704407429', 217, 'MOPHITE', 0, '2023-03-25 10:55:30.053324'),
('9704407429', 120, 'PROSPHACTER', 0, '2023-03-25 10:56:01.055790'),
('9666557489', 130, 'PROSPECTOR', 0, '2023-03-25 10:58:11.107686'),
('9666557489', 7, 'ASSURE', 10, '2023-03-25 10:58:39.588579'),
('9666557489', 183, 'FLOAT', 10, '2023-03-25 10:58:55.928704'),
('9666557489', 144, 'ROUTE', 10, '2023-03-25 11:00:00.100455'),
('9666557489', 169, 'CONDITIONER', 10, '2023-03-25 11:00:14.833403'),
('9666557489', 225, 'VIGOROUS', 20, '2023-03-25 11:00:41.085549'),
('9666557489', 198, 'MOUSTACHE', 20, '2023-03-25 11:01:12.646172'),
('9666557489', 199, 'RAINDEER', 0, '2023-03-25 11:01:50.318532'),
('9666557489', 233, 'FORBARANCE', 0, '2023-03-25 11:02:29.643360'),
('9666557489', 229, 'PHYLOSOPHY', 0, '2023-03-25 11:02:55.913305'),
('9666557489', 58, 'TRIVIA', 30, '2023-03-25 11:03:24.838496'),
('9666557489', 34, 'ENIMICAL', 0, '2023-03-25 11:03:39.074944'),
('9666557489', 230, 'SRINADH', 0, '2023-03-25 11:04:18.127227'),
('9666557489', 106, 'QUINTACANCE', 0, '2023-03-25 11:04:33.668757'),
('9666557489', 227, 'PHYLIGMATIC', 0, '2023-03-25 11:04:50.946318'),
('9848823311', 178, 'CONVERATION', 0, '2023-03-25 11:07:10.617628'),
('9848823311', 7, 'ASSURE', 10, '2023-03-25 11:07:19.021692'),
('9848823311', 141, 'BORROW', 0, '2023-03-25 11:07:27.559394'),
('9848823311', 188, 'LIE', 10, '2023-03-25 11:07:38.527456'),
('9848823311', 17, 'DOMINANT', 10, '2023-03-25 11:07:50.504944'),
('9848823311', 194, 'CHARCOLE', 0, '2023-03-25 11:08:15.753384'),
('9848823311', 66, 'QUIL', 0, '2023-03-25 11:08:51.226078'),
('9848823311', 11, 'ABSCTRUCE', 0, '2023-03-25 11:09:16.439565'),
('9848823311', 28, 'PSYCHOLOGY', 20, '2023-03-25 11:09:39.280945'),
('9848823311', 46, 'PURSUE', 0, '2023-03-25 11:09:51.105533'),
('9848823311', 34, 'INIMICAL', 30, '2023-03-25 11:10:14.676616'),
('9848823311', 85, 'CRYSANTHEMUM', 0, '2023-03-25 11:10:35.085849'),
('9848823311', 87, 'CONSCENCIOUS', 0, '2023-03-25 11:10:55.443574'),
('9848823311', 14, 'CAPITULATE', 30, '2023-03-25 11:11:08.512492'),
('9848823311', 238, 'UNACROESTIC', 0, '2023-03-25 11:11:28.127530'),
('9866618810', 111, 'AUTHORITY', 10, '2023-03-25 11:12:33.624308'),
('9866618810', 40, 'MUSTER', 10, '2023-03-25 11:13:10.292059'),
('9866618810', 177, 'QUALITY', 10, '2023-03-25 11:13:27.932260'),
('9866618810', 160, 'SOLDIER', 10, '2023-03-25 11:14:04.380613'),
('9866618810', 118, 'FLAVOURING', 10, '2023-03-25 11:14:33.601891'),
('9866618810', 73, 'COPSUS', 0, '2023-03-25 11:14:48.513056'),
('9866618810', 229, 'PHYLOSOPHY', 0, '2023-03-25 11:15:17.361331'),
('9866618810', 216, 'MANIFESTATION', 20, '2023-03-25 11:15:30.058430'),
('9866618810', 101, 'ACCRYLIC', 0, '2023-03-25 11:15:52.447974'),
('9866618810', 236, 'MACHINTOSH', 0, '2023-03-25 11:16:18.998139'),
('9866618810', 238, 'ANACHROMISTIC', 0, '2023-03-25 11:16:44.613067'),
('9866618810', 89, 'VENGENS', 0, '2023-03-25 11:17:06.201005'),
('9866618810', 76, 'MUSSELS', 30, '2023-03-25 11:17:44.370000'),
('9866618810', 201, 'FIANCE', 30, '2023-03-25 11:18:04.752680'),
('9866618810', 80, 'VULNERABLE', 0, '2023-03-25 11:18:27.507652'),
('9553537888', 190, 'PERCENTILE', 10, '2023-03-25 11:19:22.594358'),
('9553537888', 175, 'WATER', 10, '2023-03-25 11:19:35.550733'),
('9553537888', 163, 'WOMEN', 10, '2023-03-25 11:19:48.096643'),
('9553537888', 16, 'CONTROVERSY', 10, '2023-03-25 11:20:34.260128'),
('9553537888', 43, 'OUTWIT', 10, '2023-03-25 11:21:04.746804'),
('9553537888', 216, 'MANIFESTATION', 20, '2023-03-25 11:21:35.039447'),
('9553537888', 209, 'ACCUMULATION', 20, '2023-03-25 11:21:48.603639'),
('9553537888', 55, 'STAGINENT', 0, '2023-03-25 11:22:19.680082'),
('9553537888', 208, 'APYTAPE', 0, '2023-03-25 11:23:24.758500'),
('9553537888', 214, 'LEVARAGE', 0, '2023-03-25 11:24:07.747828'),
('9553537888', 58, 'TRIVIAL', 0, '2023-03-25 11:24:25.297384'),
('9553537888', 224, 'VERNACULAR', 30, '2023-03-25 11:24:45.922649'),
('9553537888', 227, 'PHYLIGMATIC', 0, '2023-03-25 11:25:16.110713'),
('9553537888', 52, 'REHABILICATION', 0, '2023-03-25 11:25:35.968119'),
('9553537888', 79, 'ARCHESTRA', 0, '2023-03-25 11:25:59.722836'),
('7989371134', 185, 'ILLUSION', 10, '2023-03-25 11:28:26.341966'),
('7989371134', 167, 'ARITHMETIC', 10, '2023-03-25 11:29:05.566751'),
('7989371134', 124, 'DIFFERENTIATION', 10, '2023-03-25 11:29:29.808104'),
('7989371134', 187, 'FEWER', 10, '2023-03-25 11:29:38.327021'),
('7989371134', 155, 'SQUIRREL', 10, '2023-03-25 11:30:10.642268'),
('7989371134', 53, 'RELIANT', 20, '2023-03-25 11:30:30.124804'),
('7989371134', 73, 'CORPSES', 20, '2023-03-25 11:30:59.949082'),
('7989371134', 200, 'WITCH', 20, '2023-03-25 11:31:10.492800'),
('7989371134', 44, 'PARADIGM', 20, '2023-03-25 11:31:24.863080'),
('7989371134', 72, 'WEIGHT', 0, '2023-03-25 11:31:33.937151'),
('7989371134', 239, 'AESSETIC', 0, '2023-03-25 11:32:53.654449'),
('7989371134', 64, 'ZENOPHOBIA', 0, '2023-03-25 11:33:18.360310'),
('7989371134', 59, 'UNEQUIVOCAL', 30, '2023-03-25 11:33:30.106964'),
('7989371134', 34, 'ENEMICAL', 0, '2023-03-25 11:33:49.501490'),
('7989371134', 79, 'ORCHESTRA', 30, '2023-03-25 11:34:08.639650'),
('9392449346', 43, 'OUTWIT', 10, '2023-03-25 11:38:11.522886'),
('9392449346', 180, 'MANIFESTATION', 0, '2023-03-25 11:38:29.775485'),
('9392449346', 111, 'AUTHORITY', 10, '2023-03-25 11:38:49.074183'),
('9392449346', 139, 'SOUR', 10, '2023-03-25 11:38:59.507330'),
('9392449346', 175, 'WATER', 10, '2023-03-25 11:39:09.214858'),
('9392449346', 41, 'NOTORIOUS', 20, '2023-03-25 11:39:33.934181'),
('9392449346', 191, 'PEAL', 20, '2023-03-25 11:40:01.509678'),
('9392449346', 240, 'AESTHETIC', 20, '2023-03-25 11:40:13.615942'),
('9392449346', 27, 'EVIDENT', 20, '2023-03-25 11:40:40.029875'),
('9392449346', 205, 'DELICASY', 0, '2023-03-25 11:40:57.459739'),
('9392449346', 201, 'FIANCY', 0, '2023-03-25 11:41:28.536749'),
('9392449346', 203, 'COLNEL', 0, '2023-03-25 11:42:56.108326'),
('9392449346', 97, 'MONTESOREAN', 0, '2023-03-25 11:43:17.401873'),
('9392449346', 110, 'EMILIORATIAN', 0, '2023-03-25 11:44:00.119168'),
('9392449346', 34, 'ENIMICAL', 0, '2023-03-25 11:44:21.687235'),
('8985841719', 176, 'MANSION', 10, '2023-03-25 11:50:56.901503'),
('8985841719', 23, 'CALM', 10, '2023-03-25 11:51:29.554454'),
('8985841719', 114, 'VACCINATE', 10, '2023-03-25 11:51:38.793311'),
('8985841719', 49, 'WHISTLE', 10, '2023-03-25 11:51:49.019521'),
('8985841719', 57, 'SUSTAINABLE', 10, '2023-03-25 11:52:16.996029'),
('8985841719', 220, 'PSEUDOPODIA', 20, '2023-03-25 11:52:44.839396'),
('8985841719', 32, 'ORDINARY', 20, '2023-03-25 11:52:58.493064'),
('8985841719', 77, 'PIECES', 20, '2023-03-25 11:53:09.156854'),
('8985841719', 218, 'OMNISCENT', 0, '2023-03-25 11:55:28.435752'),
('8985841719', 237, 'OBLIGATION', 0, '2023-03-25 11:55:41.685091'),
('8985841719', 203, 'COLONEL', 30, '2023-03-25 11:56:41.019563'),
('8985841719', 76, 'MUSSELS', 30, '2023-03-25 11:56:49.645427'),
('8985841719', 52, 'REHABILITATION', 30, '2023-03-25 11:57:05.916171'),
('8985841719', 230, 'PERTINACIOUS', 30, '2023-03-25 11:57:19.972992'),
('8985841719', 224, 'VERNACULAR', 30, '2023-03-25 11:57:30.059211'),
('9293940004', 119, 'RUSTIC', 10, '2023-03-25 12:09:41.631539'),
('9293940004', 164, 'SUCCESS', 10, '2023-03-25 12:10:03.609100'),
('9293940004', 171, 'AURGUMENT', 0, '2023-03-25 12:10:50.303362'),
('9293940004', 20, 'COMPREHENSION', 10, '2023-03-25 12:11:51.059778'),
('9293940004', 124, 'DIFFERENTIATION', 10, '2023-03-25 12:12:46.928068'),
('9293940004', 188, 'LIE', 10, '2023-03-25 12:13:13.779242'),
('9293940004', 41, 'NOTORIOUS', 20, '2023-03-25 12:14:25.025051'),
('9293940004', 214, '', 0, '2023-03-25 12:14:32.279704'),
('9293940004', 11, 'OBSTRUCE', 0, '2023-03-25 12:15:17.182083'),
('9293940004', 47, 'MUSSELS', 0, '2023-03-25 12:16:02.304702'),
('9293940004', 234, '', 0, '2023-03-25 12:16:26.693258'),
('9293940004', 84, 'SURVEILLANCE', 30, '2023-03-25 12:20:06.110277'),
('9293940004', 201, 'FIANCE', 30, '2023-03-25 12:21:09.255447'),
('7989204498', 37, 'LEGACY', 10, '2023-03-25 12:22:39.904370'),
('9293940004', 104, 'JAKUZEE', 0, '2023-03-25 12:22:42.873266'),
('9293940004', 64, 'ZENOPHOBIA', 0, '2023-03-25 12:22:58.311462'),
('7989204498', 56, 'STRATEGY', 10, '2023-03-25 12:23:18.077665'),
('7989204498', 181, 'ASSURE', 0, '2023-03-25 12:23:51.444689'),
('7989204498', 117, 'FAMILIAR', 10, '2023-03-25 12:24:38.511890'),
('7989204498', 133, 'COFFEY', 0, '2023-03-25 12:25:55.687388'),
('9293940004', 162, 'ORGANIZATION', 0, '2023-03-26 02:42:56.838438'),
('9293940004', 8, 'ANALYSIS', 10, '2023-03-26 02:43:17.942503'),
('9293940004', 140, 'HEEL', 0, '2023-03-26 02:43:40.280387'),
('9293940004', 138, 'SEA', 10, '2023-03-26 02:43:54.575976'),
('9293940004', 175, 'WATER', 10, '2023-03-26 02:44:09.920398'),
('9293940004', 40, 'MUSTARD', 0, '2023-03-26 02:44:24.706280'),
('9293940004', 121, 'TITLE', 10, '2023-03-26 02:44:36.846044'),
('9293940004', 38, 'LEGISLATE', 10, '2023-03-26 02:45:07.380950'),
('9293940004', 4, 'HEMISPHERE', 10, '2023-03-26 02:45:24.341341'),
('9293940004', 151, 'FOUR', 0, '2023-03-26 02:45:39.871100'),
('9293940004', 123, 'COMMITMENT', 10, '2023-03-26 02:46:04.740054'),
('9293940004', 147, 'NAP', 10, '2023-03-26 02:46:13.727218'),
('9293940004', 128, 'PARACHUTE', 10, '2023-03-26 02:46:36.992661'),
('9293940004', 137, 'WHOLE', 10, '2023-03-26 02:46:52.393476'),
('9293940004', 78, 'RYTHM', 0, '2023-03-26 02:47:06.730092'),
('9293940004', 136, 'APARTMENT', 0, '2023-03-26 02:47:25.046361'),
('9293940004', 17, 'DOMINANT', 10, '2023-03-26 02:48:00.481787'),
('9293940004', 19, 'ADMISSION', 0, '2023-03-26 02:48:22.594564'),
('9293940004', 25, 'MEUSIUM', 0, '2023-03-26 02:48:41.784437'),
('9293940004', 161, 'AUTHOR', 10, '2023-03-26 02:48:56.878658'),
('9293940004', 142, 'KIND', 10, '2023-03-26 02:49:29.129852'),
('9293940004', 144, 'RUDE', 0, '2023-03-26 02:49:49.053115'),
('9293940004', 159, 'FORTUNE', 10, '2023-03-26 02:50:03.685742'),
('9866600002', 171, 'ARGUMENT', 10, '2023-04-09 05:51:25.094641'),
('9866600002', 156, 'YARN', 10, '2023-07-30 15:23:43.043816'),
('9866600002', 158, 'SDF', 0, '2023-07-30 15:25:04.725842'),
('9866600002', 7, 'ASSURE', 10, '2023-07-30 15:25:40.221791'),
('9866600002', 150, 'SDV', 0, '2023-07-30 15:25:46.187541'),
('9866600002', 175, 'SDFSD', 0, '2023-07-30 15:25:50.678237'),
('9866600002', 43, 'OUTWIT', 10, '2023-07-30 15:26:02.444630'),
('9866600002', 126, 'VOCABULARY', 0, '2023-07-30 15:26:25.708041'),
('9866600002', 187, 'FEVER', 0, '2023-07-30 15:27:00.159906'),
('9866600002', 5, 'REQUIREMENT', 10, '2023-07-30 15:27:13.083257'),
('9866600002', 118, 'FLAVOURING', 10, '2023-07-30 15:27:26.563286'),
('9866600002', 138, 'SEA', 10, '2023-07-30 15:27:39.766902'),
('9866600002', 142, 'KIND', 10, '2023-07-30 15:27:50.003256'),
('9866600002', 124, 'DIFFERENTIATION', 10, '2023-07-30 15:28:09.150124'),
('9866600002', 163, 'WOMEN', 10, '2023-07-30 15:28:54.655969'),
('9866600002', 133, 'COFFEE', 10, '2023-07-31 10:51:33.472407'),
('9866600002', 165, 'à°à°²à±‚à°°à±', 0, '2023-07-31 10:51:44.543555');

-- --------------------------------------------------------

--
-- Table structure for table `users`
--

CREATE TABLE `users` (
  `pid` varchar(10) NOT NULL,
  `pin` varchar(4) DEFAULT '0000',
  `player_name` varchar(100) DEFAULT NULL,
  `place` varchar(200) DEFAULT NULL,
  `status` int(1) DEFAULT 0,
  `points` int(5) DEFAULT NULL,
  `lastseen` timestamp NOT NULL DEFAULT current_timestamp() ON UPDATE current_timestamp(),
  `regno` varchar(15) NOT NULL,
  `email` varchar(30) NOT NULL,
  `department` varchar(5) NOT NULL,
  `section` varchar(2) NOT NULL,
  `payment_status` int(3) NOT NULL
) ENGINE=InnoDB DEFAULT CHARSET=utf8 COLLATE=utf8_general_ci;

--
-- Dumping data for table `users`
--

INSERT INTO `users` (`pid`, `pin`, `player_name`, `place`, `status`, `points`, `lastseen`, `regno`, `email`, `department`, `section`, `payment_status`) VALUES
('8767867890', '0000', 'Shiva BHavani', '2027', 0, NULL, '2023-09-01 05:41:22', '21b91a6278', 'ravikumar_csd@srkrec.edu.in', 'csd', 'A', 0),
('9052727402', '0000', 'Shiva Bhavani', '2025', 0, NULL, '2023-09-01 05:31:42', '21B91A6206', 'ravikumar_csd@srkrec.edu.in', 'csd', 'A', 1),
('9666800002', '0000', 'Shiva Bhavani', '2025', 0, NULL, '2023-09-01 05:32:11', '21B91A6201', 'ravikumar_csd@srkrec.edu.in', 'csd', 'A', 0),
('9989948717', '0000', 'Vishnu', '1/2 CSD,SRKREC', 0, 0, '2023-03-25 06:10:05', '', '', '', '', 0);

-- --------------------------------------------------------

--
-- Table structure for table `words`
--

CREATE TABLE `words` (
  `qid` int(11) NOT NULL,
  `word` varchar(1000) NOT NULL,
  `meaning` text DEFAULT NULL,
  `level` char(1) NOT NULL,
  `option1` varchar(100) DEFAULT NULL,
  `option2` varchar(100) DEFAULT NULL,
  `option3` varchar(100) DEFAULT NULL
) ENGINE=MyISAM DEFAULT CHARSET=latin1 COLLATE=latin1_swedish_ci;

--
-- Dumping data for table `words`
--

INSERT INTO `words` (`qid`, `word`, `meaning`, `level`, `option1`, `option2`, `option3`) VALUES
(14, 'CAPITULATE', 'surrender under agreed conditions', 'C', 'CAPPITULATE', 'COPITULATE', 'COPYTULATE'),
(33, 'INDIGENOUS', 'originating where it is found', 'C', 'INDEGENIOUS', 'INDIGENIOUS', 'INDIGENOUS'),
(34, 'INIMICAL', 'tending to obstruct ', 'C', NULL, NULL, NULL),
(36, 'KALEIDOSCOPE', 'an optical toy in a tube', 'C', NULL, NULL, NULL),
(45, 'PECUNIARY', 'relating to or involving money', 'C', NULL, NULL, NULL),
(52, 'REHABILITATION', 'use of therapies to restore or improve physical function', 'C', NULL, NULL, NULL),
(58, 'TRIVIA', 'something of small importance', 'C', NULL, NULL, NULL),
(59, 'UNEQUIVOCAL', 'admitting of no doubt or misunderstanding', 'C', NULL, NULL, NULL),
(64, 'XENOPHOBIA', 'a fear of foreigners or strangers', 'C', NULL, NULL, NULL),
(67, 'COARSE', 'having a harsh or rough quality', 'C', NULL, NULL, NULL),
(74, 'PROSPECTOR', 'one who searches for valuable substances', 'C', NULL, NULL, NULL),
(76, 'MUSSELS', 'edible sea creatures with two black shells that close', 'C', NULL, NULL, NULL),
(79, 'ORCHESTRA', 'large group of musicians', 'C', NULL, NULL, NULL),
(80, 'SAPPHIRE', 'a clear bright blue gemstone', 'C', NULL, NULL, NULL),
(84, 'SURVEILLANCE', 'continuous observation of a person', 'C', NULL, NULL, NULL),
(85, 'CHRYSANTHEMUM', 'a widely cultivated plant with brightly coloured flower heads', 'C', NULL, NULL, NULL),
(87, 'CONSCIENTIOUS', 'careful or taking great care', 'C', NULL, NULL, NULL),
(89, 'VENGEANCE', 'punishment inflicted for a wrong done to onself or another', 'C', NULL, NULL, NULL),
(97, 'MONTESSORIAN', 'following or relating to a system for training young children', 'C', NULL, NULL, NULL),
(104, 'JACUZZI', 'is atrade name for a whirlpool bath', 'C', NULL, NULL, NULL),
(106, 'QUINTESSENCE', 'is the pure  and concentrated essence of a substance', 'C', NULL, NULL, NULL),
(108, 'TABLEAU', 'is a picture of a scene', 'C', NULL, NULL, NULL),
(110, 'AMELIORATION', 'the act of making something better', 'C', NULL, NULL, NULL),
(201, 'FIANCE', 'a man to whom someone is engaged to be married.', 'C', NULL, NULL, NULL),
(203, 'COLONEL', 'a commissioned officer in the army', 'C', NULL, NULL, NULL),
(206, 'DISCREPANCY', 'an illogical or surprising lack of compatibility or similarity between two or more facts.', 'C', NULL, NULL, NULL),
(207, 'ELEGY', 'a poem of serious reflection, typically a lament for the dead.', 'C', NULL, NULL, NULL),
(212, 'JURISDICTION', 'power of a court to adjudicate cases and issue orders.', 'C', NULL, NULL, NULL),
(224, 'VERNACULAR', 'using a language or dialect native to a region or country rather than a literary, cultured', 'C', NULL, NULL, NULL),
(227, 'PHLEGMATIC', 'having an unemotional and stolidly calm disposition.', 'C', NULL, NULL, NULL),
(230, 'PERTINACIOUS', 'an obstinate proponent of conspiracy theories', 'C', NULL, NULL, NULL),
(231, 'VOCIFEROUS', 'expressing or characterized by vehement opinions; loud and forceful.', 'C', NULL, NULL, NULL),
(232, 'EXACERBATE', 'make more violent, bitter, or severe.', 'C', NULL, NULL, NULL),
(238, 'ANACHRONISTIC', 'the action of renouncing or rejecting something.', 'C', NULL, NULL, NULL),
(239, 'ASCETIC', 'characterized by severe self-discipline and abstention from all forms', 'C', NULL, NULL, NULL),
(1, 'DETERMINATION', 'the quality of being determined', 'E', NULL, NULL, NULL),
(2, 'OFFENCE', 'an illegal act', 'E', NULL, NULL, NULL),
(3, 'CARBOHYDRATES', 'a large group of organic compounds', 'E', NULL, NULL, NULL),
(4, 'HEMISPHERE', 'a half of the sphere', 'E', NULL, NULL, NULL),
(5, 'REQUIREMENT', 'a thing that is needed', 'E', NULL, NULL, NULL),
(6, 'OCCUPATION', 'a job  or profession', 'E', NULL, NULL, NULL),
(7, 'ASSURE', 'make something to happen', 'E', NULL, NULL, NULL),
(8, 'ANALYSIS', 'examination', 'E', NULL, NULL, NULL),
(9, 'TSUNAMI', 'a long high sea wave caused by an earthquake', 'E', NULL, NULL, NULL),
(16, 'CONTROVERSY', 'a dispute where there is strong disagreement', 'E', NULL, NULL, NULL),
(17, 'DOMINANT', 'most frequent', 'E', NULL, NULL, NULL),
(18, 'EFFICIENT', 'effort or expense', 'E', NULL, NULL, NULL),
(19, 'EMISSION', 'the act of causing to flow forth', 'E', NULL, NULL, NULL),
(20, 'COMPREHENSION', 'the ability to  understand something', 'E', NULL, NULL, NULL),
(21, 'MAMMAL', 'a warm-blooded vertebrate animal', 'E', NULL, NULL, NULL),
(22, 'PITCH', 'the quality of a sound', 'E', NULL, NULL, NULL),
(23, 'CALM', 'not showing or feeling nervous', 'E', NULL, NULL, NULL),
(24, 'NERVOUS', 'easily agitated or alarmed', 'E', NULL, NULL, NULL),
(25, 'MUSEUM', 'a building in which objects of hostorical are stored or exhibited', 'E', NULL, NULL, NULL),
(37, 'LEGACY', 'a gift of personal property by will', 'E', NULL, NULL, NULL),
(38, 'LEGISLATE', 'make laws or bills', 'E', NULL, NULL, NULL),
(40, 'MUSTER', 'summon up', 'E', NULL, NULL, NULL),
(42, 'OMNIPOTENT', 'having unlimited power', 'E', NULL, NULL, NULL),
(43, 'OUTWIT', 'beat through cleverness', 'E', NULL, NULL, NULL),
(49, 'WHISTLE', 'a clear high pitched sound', 'E', NULL, NULL, NULL),
(50, 'QUENCH', 'satisfy as thirst', 'E', NULL, NULL, NULL),
(54, 'SPATIAL', 'pertaining to the expanse in which things are located', 'E', NULL, NULL, NULL),
(56, 'STRATEGY', 'an elaborate and systematic plan of action', 'E', NULL, NULL, NULL),
(57, 'SUSTAINABLE', 'capable of being prolonged', 'E', NULL, NULL, NULL),
(60, 'VERDICT', 'findings of a jury on issues submitted to it for decision', 'E', NULL, NULL, NULL),
(61, 'VICINITY', 'a surrounding or nearby region', 'E', NULL, NULL, NULL),
(78, 'RHYTHM', 'a strong moment or sound', 'E', NULL, NULL, NULL),
(111, 'AUTHORITY', 'the power or right to give orders', 'E', NULL, NULL, NULL),
(112, 'EXHIBIT', 'a quality or a type of behaviour', 'E', NULL, NULL, NULL),
(113, 'WEIRD', 'suggesting somithing supernatural', 'E', NULL, NULL, NULL),
(114, 'VACCINATE', 'immunize', 'E', NULL, NULL, NULL),
(115, 'ARTIFICIAL', 'made or produced by human beings', 'E', NULL, NULL, NULL),
(116, 'ILLEGAL', 'especially criminal law', 'E', NULL, NULL, NULL),
(117, 'FAMILIAR', 'well known from long or close', 'E', NULL, NULL, NULL),
(118, 'FLAVOURING', 'something that gives flavour', 'E', NULL, NULL, NULL),
(119, 'RUSTIC', 'relating to the country side', 'E', NULL, NULL, NULL),
(121, 'TITLE', 'the name of a book', 'E', NULL, NULL, NULL),
(122, 'ACCELERATE', 'Being TO Move Qucikly', 'E', NULL, NULL, NULL),
(123, 'COMMITMENT', 'the state or quality of being dedicated to a cause', 'E', NULL, NULL, NULL),
(124, 'DIFFERENTIATION', 'the action or process of differentiating', 'E', NULL, NULL, NULL),
(125, 'HISTORIC', 'famous', 'E', NULL, NULL, NULL),
(126, 'VOCABULARLY', 'the body of words used in a particular language', 'E', NULL, NULL, NULL),
(127, 'SATIRE', 'the use of humour', 'E', NULL, NULL, NULL),
(128, 'PARACHUTE', 'a cloth canopy ', 'E', NULL, NULL, NULL),
(129, 'DESIGN', 'a decorative pattern.', 'E', NULL, NULL, NULL),
(130, 'SWITCH', 'change the position', 'E', NULL, NULL, NULL),
(131, 'ASTROLOGY', 'predicting mundane events', 'E', NULL, NULL, NULL),
(132, 'KNIGHT', 'a man who served his sovereign', 'E', NULL, NULL, NULL),
(133, 'COFFEE', 'a hot drink', 'E', NULL, NULL, NULL),
(134, 'SIGMA', 'A Mathematical symbol', 'E', NULL, NULL, NULL),
(135, 'RACE', 'Competition', 'E', NULL, NULL, NULL),
(136, 'APPARTMENT', 'a suite of rooms forming one residence;', 'E', NULL, NULL, NULL),
(137, 'WHOLE', 'all of; entire', 'E', NULL, NULL, NULL),
(138, 'SEA', 'Similar to water', 'E', NULL, NULL, NULL),
(139, 'SOUR', 'taste of food', 'E', NULL, NULL, NULL),
(140, 'HEAL', ' to make or become well again', 'E', NULL, NULL, NULL),
(141, 'HEAR', 'perceive with the ear the sound', 'E', NULL, NULL, NULL),
(142, 'KIND', 'a good or benevolent nature', 'E', NULL, NULL, NULL),
(143, 'PREY', 'an animal that is caught and killed', 'E', NULL, NULL, NULL),
(144, 'ROUTE', 'send or direct along a specified course', 'E', NULL, NULL, NULL),
(145, 'EFFECT', 'a change which is a result or consequence', 'E', NULL, NULL, NULL),
(146, 'LOSE', 'to no longer have something', 'E', NULL, NULL, NULL),
(147, 'NAP', 'sleep lightly or briefly', 'E', NULL, NULL, NULL),
(148, 'BUY', 'take Somthing New', 'E', NULL, NULL, NULL),
(149, 'BRAKE', 'To Stop the Work', 'E', NULL, NULL, NULL),
(150, 'ALLOWED', 'let (someone) have or do something', 'E', NULL, NULL, NULL),
(151, 'FORE', 'situated or placed in front', 'E', NULL, NULL, NULL),
(152, 'DUAL', 'consisting of two parts, elements, or aspects.', 'E', NULL, NULL, NULL),
(153, 'ACCEPT', 'consent to receive or undertake', 'E', NULL, NULL, NULL),
(154, 'MONUMENT', 'a statue, building, or other structure erected to commemorate', 'E', NULL, NULL, NULL),
(155, 'SQUIRREL', 'a small animal covered in fur with a long tail', 'E', NULL, NULL, NULL),
(156, 'YARN', 'spun thread used for knitting', 'E', NULL, NULL, NULL),
(157, 'DIM', 'not clearly', 'E', NULL, NULL, NULL),
(158, 'BOARD', 'a thin, flat piece of wood or other stiff material used for various purposes.', 'E', NULL, NULL, NULL),
(159, 'FORTUNE', 'chance or luck as an arbitrary force affecting human affairs.', 'E', NULL, NULL, NULL),
(160, 'SOLDIER', '\r\na person who serves in an army.', 'E', NULL, NULL, NULL),
(161, 'AUTHOR', 'someone whose written work has been published', 'E', NULL, NULL, NULL),
(162, 'INTERRPTION', 'an organized group of people with a particular purpose', 'E', NULL, NULL, NULL),
(163, 'WOMEN', 'an Gender', 'E', NULL, NULL, NULL),
(164, 'SUCCESS', 'the accomplishment of an aim or purpose', 'E', NULL, NULL, NULL),
(165, 'FUNGUS', 'Related To Biology', 'E', NULL, NULL, NULL),
(166, 'HUGE', 'larger amount', 'E', NULL, NULL, NULL),
(167, 'ARITHMETIC', 'Related To Mathematics', 'E', NULL, NULL, NULL),
(168, 'DEVELOPMENT', 'n event constituting a new stage in a changing situation', 'E', NULL, NULL, NULL),
(169, 'CONDITIONER', 'a substance or appliance used to improve the condition of something', 'E', NULL, NULL, NULL),
(170, 'TECHNOLOGY', 'the application of scientific knowledge for practical purposes, especially in industry.', 'E', NULL, NULL, NULL),
(171, 'ARGUMENT', 'an exchange of diverging or opposite views, typically a heated or angry one.', 'E', NULL, NULL, NULL),
(172, 'PLANET', 'a celestial body distinguished from the fixed stars', 'E', NULL, NULL, NULL),
(173, 'WEDNESDAY', 'the middle of the workweek', 'E', NULL, NULL, NULL),
(174, 'SUSTAIN', 'hold up, bear; suffer, endure', 'E', NULL, NULL, NULL),
(175, 'WATER', 'Natural resoure', 'E', NULL, NULL, NULL),
(176, 'MANSION', 'a home that offers at least 5,000 square feet of space and at least five to six bedrooms', 'E', NULL, NULL, NULL),
(177, 'QUALITY', 'Nature of an Object.', 'E', NULL, NULL, NULL),
(178, 'CONVERSATION', 'a talk, especially an informal one, between two or more people', 'E', NULL, NULL, NULL),
(179, 'COMPARISION', 'a consideration or estimate of the similarities or dissimilarities between two things', 'E', NULL, NULL, NULL),
(180, 'PIRATE', 'a person who attacks and robs ships at sea.', 'E', NULL, NULL, NULL),
(181, 'BREATH', 'the air taken into or expelled from the lungs.', 'E', NULL, NULL, NULL),
(182, 'DENT', 'a slight hollow in a hard even surface made by a blow or pressure.', 'E', NULL, NULL, NULL),
(183, 'FLOAT', 'rest or move on or near the surface of a liquid without sinking.', 'E', NULL, NULL, NULL),
(184, 'LEAD', 'Maintaining leadership ', 'E', NULL, NULL, NULL),
(185, 'ILLUSION', 'Observing false objects ', 'E', NULL, NULL, NULL),
(186, 'BORROW', 'something belonging to someone else', 'E', NULL, NULL, NULL),
(187, 'FEWER', 'a small number of.', 'E', NULL, NULL, NULL),
(188, 'LIE', 'Worng Statement', 'E', NULL, NULL, NULL),
(189, 'RISE', 'an upward movement', 'E', NULL, NULL, NULL),
(190, 'PERCENTILE', 'a measure used in statistics indicating', 'E', NULL, NULL, NULL),
(10, 'ABDICATE', 'giving up power', 'M', NULL, NULL, NULL),
(11, 'ABSTRUSE', 'difficult to understand', 'M', NULL, NULL, NULL),
(12, 'ANALOGOUS', 'similar in some respects', 'M', NULL, NULL, NULL),
(13, 'ARTICULATION', 'manner in which things came together', 'M', NULL, NULL, NULL),
(15, 'COHERENCE', 'state of being consistent', 'M', NULL, NULL, NULL),
(26, 'ETHNIC', 'distinctive of the way of living of a group of people', 'M', NULL, NULL, NULL),
(27, 'EVIDENT', 'clearly revealed to the mind of the senses', 'M', NULL, NULL, NULL),
(28, 'PSYCHOLOGY', 'scientific study of human mind', 'M', NULL, NULL, NULL),
(29, 'FACILITATE', 'make easier', 'M', NULL, NULL, NULL),
(30, 'HEREDITARY', 'occuring among members of a family usually by heredity', 'M', NULL, NULL, NULL),
(32, 'ORDINARY', 'with no special', 'M', NULL, NULL, NULL),
(41, 'NOTORIOUS', 'known widely', 'M', NULL, NULL, NULL),
(44, 'PARADIGM', 'a standard or typical example', 'M', NULL, NULL, NULL),
(46, 'PERCEIVE', 'become aware of through the senses', 'M', NULL, NULL, NULL),
(47, 'PERCEPTION', 'the process of becoming aware through the senses', 'M', NULL, NULL, NULL),
(48, 'PROMULGATE', 'state or announce', 'M', NULL, NULL, NULL),
(51, 'RECRIMINATION', 'mutual accusations', 'M', NULL, NULL, NULL),
(53, 'RELIANT', 'depending on another for support', 'M', NULL, NULL, NULL),
(55, 'STAGNANT', 'not growing or changing', 'M', NULL, NULL, NULL),
(62, 'VULNERABLE', 'capable of being wounded or hurt', 'M', NULL, NULL, NULL),
(66, 'QUAIL', 'a small brown bird', 'M', NULL, NULL, NULL),
(71, 'QUIP', 'a funny and clever comment', 'M', NULL, NULL, NULL),
(72, 'WEIGH', 'to find out how heavy', 'M', NULL, NULL, NULL),
(73, 'CORPSES', 'a dead body', 'M', NULL, NULL, NULL),
(77, 'PIECES', 'a part of something', 'M', NULL, NULL, NULL),
(81, 'UNCONSCIOUS ', 'without awareness', 'M', NULL, NULL, NULL),
(82, 'PRECOCIOUS', 'usually mature', 'M', NULL, NULL, NULL),
(83, 'LIAISON', 'person who maintains a connection between people', 'M', NULL, NULL, NULL),
(101, 'ACRYLIC', 'is a kind of fabric', 'M', NULL, NULL, NULL),
(107, 'RATCHET', 'is  a tool', 'M', NULL, NULL, NULL),
(120, 'MERRILY', 'in a cheerrful way', 'M', NULL, NULL, NULL),
(191, 'PEAL', 'a loud ringing of a bell or bells.', 'M', NULL, NULL, NULL),
(192, 'PEARL', 'a stone', 'M', NULL, NULL, NULL),
(193, 'RECISION', 'Cancellation of a contract', 'M', NULL, NULL, NULL),
(194, 'CHARCOAL', 'a porous black solid, consisting of an amorphous form of carbon', 'M', NULL, NULL, NULL),
(195, 'SOME', 'fewObjects', 'M', NULL, NULL, NULL),
(196, 'RESEMBLE', 'a similar appearance to or qualities in common with someone or something', 'M', NULL, NULL, NULL),
(197, 'COLLEAGUE', 'an associate or coworker typically in a profession', 'M', NULL, NULL, NULL),
(198, 'MOUSTACHE', 'strip of hair left to grow above the upper lip.', 'M', NULL, NULL, NULL),
(199, 'REINDEER', 'a type of deer', 'M', NULL, NULL, NULL),
(200, 'WITCH', 'a person thought to have magic powers,', 'M', NULL, NULL, NULL),
(202, 'PHENOMENON', 'a remarkable person or thing.', 'M', NULL, NULL, NULL),
(204, 'LIEUTENENT', 'a deputy or substitute acting for a superior.', 'M', NULL, NULL, NULL),
(205, 'DELICACY', 'fineness or intricacy of texture or structure.', 'M', NULL, NULL, NULL),
(208, 'EPITAPH', 'a phrase or form of words written in memory of a person who has died, especially as an inscription on a tombstone.', 'M', NULL, NULL, NULL),
(209, 'ACCUMULATION', 'he acquisition or gradual gathering of something.', 'M', NULL, NULL, NULL),
(210, 'FRANCHISE', 'the right to vote in public elections.', 'M', NULL, NULL, NULL),
(211, 'SYNCHRONIZE', 'cause to occur or operate at the same time or rate.', 'M', NULL, NULL, NULL),
(213, 'KALOPSIA', 'The delusion of things being more beautiful than they are.', 'M', NULL, NULL, NULL),
(214, 'LEVERAGE', 'he exertion of force by means of a lever.', 'M', NULL, NULL, NULL),
(215, 'MACROCOSM', 'the great world or universe', 'M', NULL, NULL, NULL),
(216, 'MANIFESTATION', 'an event, action, or object that clearly shows or embodies something abstract or theoretical.', 'M', NULL, NULL, NULL),
(217, 'NEOPHYTE', 'someone who\'s brand new at something', 'M', NULL, NULL, NULL),
(218, 'OMNISCIENT', 'knowing everything.', 'M', NULL, NULL, NULL),
(219, 'PINNACLE', 'the most successful point;', 'M', NULL, NULL, NULL),
(220, 'PSEUDOPODIA', 'temporary projections of the cytoplasm of a cell.', 'M', NULL, NULL, NULL),
(221, 'QUARANTINE', 'a term during which a ship arriving in port and suspected of carrying contagious disease', 'M', NULL, NULL, NULL),
(222, 'SARCASM', 'the use of irony to mock or convey contempt.', 'M', NULL, NULL, NULL),
(223, 'UBIQUITOUS', 'present, appearing, or found everywhere.', 'M', NULL, NULL, NULL),
(225, 'VIGOROUS', 'n a way that is very forceful or energetic', 'M', NULL, NULL, NULL),
(226, 'CAJOLE', 'persuade (someone) to do something by sustained coaxing or flattery.', 'M', NULL, NULL, NULL),
(228, 'REMUNERATION', 'something that remunerates : recompense, pay.', 'M', NULL, NULL, NULL),
(229, 'PHILOSOPHY', 'the study of the fundamental nature of knowledge, reality, and existence, especially when considered as an academic discipline.', 'M', NULL, NULL, NULL),
(233, 'FORBEARANCE', 'patient self-control; restraint and tolerance.', 'M', NULL, NULL, NULL),
(234, 'ANESTHESIA', 'insensitivity to pain, especially as artificially induced by the administration of gases or the injection of drugs before surgical operations.', 'M', NULL, NULL, NULL),
(235, 'CUISINE', 'a style or method of cooking', 'M', NULL, NULL, NULL),
(236, 'MACINTOSH', 'the family of computers developed by Apple', 'M', NULL, NULL, NULL),
(237, 'ABNEGATION', 'the action of renouncing or rejecting something.', 'M', NULL, NULL, NULL),
(240, 'AESTHETIC', 'relating to the enjoyment or study of beauty, or showing great beauty:', 'M', NULL, NULL, NULL),
(31, 'INDICT', 'accuse formally of a crime', 'N', NULL, NULL, NULL),
(35, 'INTRANSIGENCE', 'stubborn refusal to compromise ', 'N', NULL, NULL, NULL),
(39, 'MAYHEM', 'violent and needless disturbance', 'N', NULL, NULL, NULL),
(63, 'WROUGHT', 'shaped to fit by altering the contours of a pliable mass', 'N', NULL, NULL, NULL),
(65, 'YEARN', 'desire strongly or persistently', 'N', NULL, NULL, NULL),
(69, 'QUICHE', 'a pie made with eggs', 'N', NULL, NULL, NULL),
(70, 'GNAT', 'a small flying biting insect', 'N', NULL, NULL, NULL),
(75, 'GOUGING', 'to make a hole through something in a rough way', 'N', NULL, NULL, NULL),
(86, 'IDIOSYNCRASY', 'a tendency ', 'N', NULL, NULL, NULL),
(88, 'DEMITASSE', 'small coffee cup', 'N', NULL, NULL, NULL),
(90, 'ACQUIESCE', 'to accept as inevitable', 'N', NULL, NULL, NULL),
(91, 'MALFEASANCE', 'conduct by a public offical that violates the public trust', 'N', NULL, NULL, NULL),
(92, 'IRASCIBLE', 'irritable', 'N', NULL, NULL, NULL),
(93, 'LOGORRHEA', 'excessive and often incoherent talkativeness', 'N', NULL, NULL, NULL),
(94, 'PRAVENUISM', 'pravenu nature or behaviour', 'N', NULL, NULL, NULL),
(95, 'NEUTERCANE', 'a subtropical cyclone that is usually less than diameter', 'N', NULL, NULL, NULL),
(96, 'OYEZ', 'used by a court or public crier to gain attention', 'N', NULL, NULL, NULL),
(98, 'HEIAU', 'a pre-Christian Hawaiian temple or other place of worship ', 'N', NULL, NULL, NULL),
(100, 'JASOOM', 'earth', 'N', NULL, NULL, NULL),
(102, 'BLITHE', 'glad or cheerful', 'N', NULL, NULL, NULL),
(103, 'GUILLOTINE', ' a device for execution', 'N', NULL, NULL, NULL),
(105, 'KNAVE', 'dishonest person', 'N', NULL, NULL, NULL),
(109, 'ZEPPELIN', 'is a rigid airship or dirigible', 'N', NULL, NULL, NULL),
(68, 'RYE', 'a type of grain used in baking', 'N', NULL, NULL, NULL),
(99, 'KITTIWAKE', 'either of two cliff-nesting gulls that winter on the open ocean', '', NULL, NULL, NULL);

--
-- Indexes for dumped tables
--

--
-- Indexes for table `responses`
--
ALTER TABLE `responses`
  ADD PRIMARY KEY (`sid`,`qid`);

--
-- Indexes for table `users`
--
ALTER TABLE `users`
  ADD PRIMARY KEY (`pid`);

--
-- Indexes for table `words`
--
ALTER TABLE `words`
  ADD PRIMARY KEY (`qid`);

--
-- AUTO_INCREMENT for dumped tables
--

--
-- AUTO_INCREMENT for table `words`
--
ALTER TABLE `words`
  MODIFY `qid` int(11) NOT NULL AUTO_INCREMENT, AUTO_INCREMENT=241;
COMMIT;

/*!40101 SET CHARACTER_SET_CLIENT=@OLD_CHARACTER_SET_CLIENT */;
/*!40101 SET CHARACTER_SET_RESULTS=@OLD_CHARACTER_SET_RESULTS */;
/*!40101 SET COLLATION_CONNECTION=@OLD_COLLATION_CONNECTION */;
